{
  "annotations": {
    "list": []
  },
  "panels": [
    {
      "type": "worldmap",
      "title": "Controller Location Status",
      "targets": [
        {
          "expr": "up{job='controller'}",
          "format": "time_series",
          "legendFormat": "{{instance}}",
          "refId": "A"
        }
      ],
      "gridPos": {
        "x": 0,
        "y": 0,
        "w": 24,
        "h": 12
      },
      "mapCenter": "(0°, 0°)",
      "mapZoom": 1,
      "locationData": "geohash",
      "aggregation": "current",
      "thresholds": "0,1",
      "unit": "short",
      "valueName": "current"
    }
  ],
  "title": "Geo Map - Controller Status",
  "schemaVersion": 27,
  "version": 1
}