{
  "annotations": {
    "list": []
  },
  "panels": [
    {
      "type": "stat",
      "title": "TLS Cert Days Remaining",
      "targets": [
        {
          "expr": "tls_days_until_expiration",
          "format": "time_series"
        }
      ],
      "gridPos": { "x": 0, "y": 0, "w": 12, "h": 6 }
    },
    {
      "type": "gauge",
      "title": "TLS Expiry Gauge",
      "targets": [
        {
          "expr": "tls_days_until_expiration",
          "format": "time_series"
        }
      ],
      "gridPos": { "x": 12, "y": 0, "w": 12, "h": 6 },
      "fieldConfig": {
        "defaults": {
          "min": 0,
          "max": 90,
          "thresholds": {
            "mode": "absolute",
            "steps": [
              { "color": "red", "value": null },
              { "color": "orange", "value": 15 },
              { "color": "green", "value": 30 }
            ]
          }
        }
      }
    },
    {
      "type": "timeSeries",
      "title": "Controller Uptime Rate",
      "targets": [
        {
          "expr": "sum(rate(up{job='controller'}[5m])) by (instance)",
          "format": "time_series"
        }
      ],
      "gridPos": { "x": 0, "y": 6, "w": 24, "h": 8 }
    },
    {
      "type": "stat",
      "title": "Controllers Offline",
      "targets": [
        {
          "expr": "count(up{job='controller'} == 0)",
          "format": "time_series"
        }
      ],
      "gridPos": { "x": 0, "y": 14, "w": 12, "h": 6 }
    },
    {
      "type": "stat",
      "title": "Controllers Healthy",
      "targets": [
        {
          "expr": "count(up{job='controller'} == 1)",
          "format": "time_series"
        }
      ],
      "gridPos": { "x": 12, "y": 14, "w": 12, "h": 6 }
    }
  ],
  "title": "TLS and SLA Overview",
  "schemaVersion": 30,
  "version": 1
}